year,playlist_genre,count
1955.0,rock-and-roll,1
1956.0,arkansas country,1
1956.0,calypso,1
1956.0,rock-and-roll,1
1957.0,blues,1
1958.0,adult standards,2
1958.0,chicago soul,1
1958.0,classic rock,4
1958.0,doo-wop,2
1958.0,rock-and-roll,7
1959.0,adult standards,3
1959.0,bebop,1
1959.0,blues,1
1959.0,classic soul,2
1959.0,louisiana blues,1
1959.0,rock-and-roll,1
1960.0,adult standards,1
1960.0,album rock,1
1960.0,chicago soul,2
1960.0,classic soul,1
1960.0,jazz blues,3
1960.0,rock-and-roll,2
1961.0,adult standards,1
1961.0,blues,1
1961.0,classic soul,2
1961.0,memphis soul,1
1961.0,piano rock,1
1961.0,rock-and-roll,5
1962.0,adult standards,9
1962.0,american folk revival,1
1962.0,baroque pop,1
1962.0,blues,1
1962.0,classic girl group,4
1962.0,classic soul,2
1962.0,merseybeat,1
1962.0,motown,1
1962.0,rock-and-roll,5
1962.0,traditional country,1
1963.0,adult standards,11
1963.0,american folk revival,3
1963.0,arkansas country,1
1963.0,baroque pop,4
1963.0,beach music,1
1963.0,brill building pop,7
1963.0,british blues,1
1963.0,british invasion,6
1963.0,chicago soul,2
1963.0,classic country pop,2
1963.0,classic girl group,1
1963.0,classic rock,1
1963.0,classic soul,7
1963.0,country,1
1963.0,doo-wop,3
1963.0,memphis blues,1
1963.0,rock-and-roll,4
1964.0,adult standards,14
1964.0,album rock,8
1964.0,american folk revival,1
1964.0,baroque pop,2
1964.0,beatlesque,2
1964.0,blues,1
1964.0,british blues,1
1964.0,british invasion,14
1964.0,bubblegum pop,2
1964.0,classic australian country,1
1964.0,classic rock,1
1964.0,classic soul,3
1964.0,cowboy western,1
1964.0,easy listening,1
1964.0,merseybeat,1
1965.0,adult standards,10
1965.0,album rock,12
1965.0,australian rock,3
1965.0,baroque pop,1
1965.0,british folk,2
1965.0,british invasion,7
1965.0,bubblegum pop,2
1965.0,classic country pop,1
1965.0,classic girl group,1
1965.0,classic oklahoma country,1
1965.0,classic rock,2
1965.0,classic soul,2
1965.0,doo-wop,1
1965.0,folk rock,1
1965.0,rock-and-roll,1
1966.0,adult standards,5
1966.0,album rock,9
1966.0,australian rock,6
1966.0,baroque pop,1
1966.0,beatlesque,2
1966.0,british blues,4
1966.0,british folk,1
1966.0,british invasion,5
1966.0,bubblegum pop,1
1966.0,classic australian country,2
1966.0,classic garage rock,1
1966.0,classic rock,8
1966.0,classic soul,5
1966.0,dance pop,1
1966.0,disco,1
1966.0,easy listening,2
1966.0,lounge,3
1966.0,military cadence,1
1966.0,novelty,1
1966.0,soul,1
1967.0,acid rock,3
1967.0,adult standards,7
1967.0,album rock,8
1967.0,australian rock,1
1967.0,baroque pop,1
1967.0,beatlesque,1
1967.0,blues rock,2
1967.0,british blues,2
1967.0,british folk,2
1967.0,british invasion,7
1967.0,bubblegum pop,6
1967.0,classic rock,5
1967.0,classic soul,7
1967.0,country rock,1
1967.0,disco,2
1967.0,easy listening,1
1967.0,hammond organ,1
1967.0,jazz blues,1
1967.0,new orleans jazz,1
1967.0,rock-and-roll,1
1968.0,acid rock,6
1968.0,adult standards,12
1968.0,album rock,8
1968.0,australian rock,1
1968.0,baroque pop,1
1968.0,beatlesque,1
1968.0,blues,1
1968.0,blues rock,2
1968.0,brill building pop,1
1968.0,british blues,1
1968.0,british folk,1
1968.0,british invasion,5
1968.0,bubblegum pop,8
1968.0,classic girl group,1
1968.0,classic rock,2
1968.0,classic soul,4
1968.0,classic uk pop,2
1968.0,country,1
1968.0,disco,5
1968.0,easy listening,1
1968.0,lounge,2
1968.0,rock-and-roll,2
1969.0,acid rock,1
1969.0,adult standards,7
1969.0,album rock,16
1969.0,art rock,2
1969.0,australian country,1
1969.0,baroque pop,3
1969.0,british blues,1
1969.0,british folk,1
1969.0,british invasion,3
1969.0,bubblegum pop,4
1969.0,classic soul,2
1969.0,classic uk pop,3
1969.0,disco,1
1969.0,hardcore techno,1
1969.0,motown,2
1969.0,nederpop,1
1969.0,northern soul,1
1969.0,rock-and-roll,5
1969.0,zolo,1
1970.0,acid rock,1
1970.0,adult standards,6
1970.0,album rock,24
1970.0,arkansas country,1
1970.0,british blues,2
1970.0,british folk,3
1970.0,british invasion,3
1970.0,broadway,1
1970.0,bubblegum pop,2
1970.0,canadian singer-songwriter,1
1970.0,chicago soul,1
1970.0,classic country pop,2
1970.0,classic rock,6
1970.0,country gospel,1
1970.0,country rock,1
1970.0,disco,3
1970.0,glam rock,2
1970.0,jamaican ska,1
1970.0,motown,2
1970.0,rock progressif francais,1
1970.0,rock-and-roll,2
1970.0,soft rock,1
1970.0,soul,1
1970.0,volksmusik,1
1971.0,acid rock,2
1971.0,adult standards,5
1971.0,album rock,18
1971.0,american folk revival,1
1971.0,art rock,1
1971.0,australian rock,3
1971.0,brill building pop,1
1971.0,british folk,1
1971.0,classic country pop,1
1971.0,classic rock,9
1971.0,classic soul,2
1971.0,country rock,2
1971.0,dance pop,1
1971.0,disco,1
1971.0,mellow gold,2
1971.0,motown,4
1971.0,new orleans soul,1
1971.0,psychedelic blues-rock,1
1971.0,rock-and-roll,1
1971.0,soft rock,1
1972.0,adult standards,6
1972.0,album rock,16
1972.0,australian pop,2
1972.0,australian rock,1
1972.0,beatlesque,1
1972.0,blues,1
1972.0,british invasion,1
1972.0,bubblegum pop,5
1972.0,canadian singer-songwriter,2
1972.0,classic country pop,1
1972.0,classic rock,7
1972.0,classic soul,2
1972.0,classic uk pop,1
1972.0,country rock,1
1972.0,disco,1
1972.0,folk,1
1972.0,folk rock,2
1972.0,glam rock,1
1972.0,mellow gold,3
1972.0,motown,2
1972.0,psychedelic blues-rock,1
1972.0,r&b,1
1972.0,soft rock,1
1972.0,sunshine pop,1
1973.0,adult standards,7
1973.0,album rock,24
1973.0,arkansas country,1
1973.0,art rock,1
1973.0,banjo,1
1973.0,blues rock,1
1973.0,british folk,1
1973.0,british invasion,3
1973.0,bubblegum pop,1
1973.0,classic girl group,1
1973.0,classic rock,9
1973.0,classic soul,1
1973.0,classic swedish pop,2
1973.0,classic uk pop,2
1973.0,country rock,1
1973.0,dance pop,1
1973.0,disco,1
1973.0,europop,1
1973.0,glam rock,11
1973.0,heartland rock,2
1973.0,library music,1
1973.0,mellow gold,1
1973.0,motown,1
1973.0,progressive rock,1
1973.0,rock-and-roll,1
1973.0,soft rock,1
1974.0,adult standards,11
1974.0,album rock,15
1974.0,art rock,1
1974.0,australian rock,8
1974.0,broadway,1
1974.0,bubblegum pop,5
1974.0,bush ballad,1
1974.0,canadian country,1
1974.0,classic country pop,4
1974.0,classic rock,5
1974.0,classic soul,3
1974.0,classic uk pop,1
1974.0,country rock,1
1974.0,disco,3
1974.0,europop,1
1974.0,glam rock,5
1974.0,hard rock,1
1974.0,mellow gold,1
1974.0,rock-and-roll,1
1975.0,adult standards,6
1975.0,album rock,17
1975.0,australian rock,4
1975.0,blues rock,1
1975.0,bubblegum pop,1
1975.0,classic country pop,3
1975.0,classic nz pop,1
1975.0,classic rock,6
1975.0,classic swedish pop,1
1975.0,classic uk pop,3
1975.0,disco,5
1975.0,europop,5
1975.0,glam rock,6
1975.0,heartland rock,1
1975.0,mellow gold,7
1975.0,nederpop,1
1975.0,new wave pop,1
1975.0,progressive rock,1
1976.0,a cappella,1
1976.0,adult standards,2
1976.0,album rock,26
1976.0,australian rock,9
1976.0,blues rock,1
1976.0,british blues,1
1976.0,bubblegum pop,3
1976.0,canadian singer-songwriter,1
1976.0,candy pop,1
1976.0,classic country pop,2
1976.0,classic rock,6
1976.0,classic soul,1
1976.0,deep soft rock,3
1976.0,disco,4
1976.0,europop,7
1976.0,glam rock,3
1976.0,mellow gold,4
1976.0,motown,2
1976.0,nederpop,1
1976.0,soft rock,2
1976.0,southern soul,2
1976.0,theme,1
1977.0,adult standards,6
1977.0,album rock,30
1977.0,alternative rock,1
1977.0,art rock,1
1977.0,australian rock,2
1977.0,brill building pop,1
1977.0,british folk,1
1977.0,broadway,1
1977.0,bubblegum pop,7
1977.0,classic country pop,1
1977.0,classic rock,6
1977.0,classic soul,1
1977.0,classic uk pop,2
1977.0,country rock,1
1977.0,disco,5
1977.0,europop,1
1977.0,glam rock,1
1977.0,hammond organ,1
1977.0,mellow gold,1
1977.0,merseybeat,1
1977.0,reggae,1
1977.0,rock-and-roll,1
1977.0,soft rock,3
1977.0,southern rock,3
1977.0,yacht rock,1
1978.0,adult standards,8
1978.0,album rock,38
1978.0,art pop,1
1978.0,art punk,1
1978.0,art rock,1
1978.0,australian rock,8
1978.0,brit funk,1
1978.0,candy pop,2
1978.0,classic rock,5
1978.0,classic soul,3
1978.0,classic uk pop,1
1978.0,country rock,1
1978.0,disco,13
1978.0,europop,1
1978.0,glam rock,3
1978.0,hammond organ,1
1978.0,hollywood,1
1978.0,mellow gold,1
1978.0,new wave pop,2
1978.0,reggae,1
1978.0,yacht rock,1
1979.0,adult standards,2
1979.0,album rock,19
1979.0,australian dance,1
1979.0,australian rock,8
1979.0,beatlesque,1
1979.0,candy pop,1
1979.0,classic country pop,1
1979.0,classic nz pop,1
1979.0,classic uk pop,1
1979.0,deep soft rock,1
1979.0,disco,18
1979.0,early synthpop,1
1979.0,europop,2
1979.0,folk,1
1979.0,funk,2
1979.0,glam rock,2
1979.0,hi-nrg,1
1979.0,mellow gold,2
1979.0,new romantic,2
1979.0,pub rock,1
1979.0,r&b,2
1979.0,rockabilly,1
1979.0,synthpop,1
1979.0,theme,1
1979.0,yacht rock,2
1980.0,adult standards,4
1980.0,album rock,17
1980.0,alternative rock,2
1980.0,art pop,1
1980.0,art rock,1
1980.0,australian rock,9
1980.0,classic canadian rock,1
1980.0,classic country pop,2
1980.0,classic nz pop,1
1980.0,classic rock,9
1980.0,classic uk pop,1
1980.0,disco,6
1980.0,early synthpop,3
1980.0,europop,3
1980.0,glam rock,4
1980.0,hi-nrg,1
1980.0,mod revival,1
1980.0,motown,1
1980.0,soft rock,3
1980.0,zolo,1
1981.0,adult standards,1
1981.0,album rock,31
1981.0,art rock,1
1981.0,australian country,2
1981.0,australian dance,1
1981.0,australian rock,4
1981.0,britpop,1
1981.0,candy pop,3
1981.0,classic nz pop,1
1981.0,classic rock,2
1981.0,classic uk pop,3
1981.0,dance rock,3
1981.0,disco,4
1981.0,german show tunes,1
1981.0,glam punk,1
1981.0,glam rock,1
1981.0,heartland rock,3
1981.0,instrumental surf,1
1981.0,jazz funk,1
1981.0,mellow gold,2
1981.0,new romantic,8
1981.0,rock drums,1
1981.0,soft rock,2
1981.0,solo wave,1
1981.0,yacht rock,1
1982.0,adult standards,1
1982.0,album rock,18
1982.0,alternative metal,1
1982.0,alternative rock,5
1982.0,art rock,1
1982.0,australian children's music,2
1982.0,australian rock,16
1982.0,brit funk,1
1982.0,britpop,1
1982.0,bronx hip hop,1
1982.0,classic nz pop,2
1982.0,classic rock,3
1982.0,classic soul,1
1982.0,classic uk pop,2
1982.0,contemporary r&b,1
1982.0,dance rock,2
1982.0,disco,2
1982.0,funk,1
1982.0,glam rock,1
1982.0,mellow gold,1
1982.0,new romantic,8
1982.0,new wave pop,3
1982.0,philly soul,1
1982.0,rock drums,1
1982.0,soft rock,2
1982.0,theme,1
1982.0,yacht rock,1
1983.0,acoustic punk,1
1983.0,adult standards,1
1983.0,album rock,22
1983.0,art rock,2
1983.0,australian rock,6
1983.0,australian ska,1
1983.0,boy band,1
1983.0,britpop,1
1983.0,classic nz pop,2
1983.0,classic rock,1
1983.0,classic soul,1
1983.0,contemporary post-bop,1
1983.0,dance pop,6
1983.0,dance rock,3
1983.0,disco,2
1983.0,french synthpop,1
1983.0,girl group,1
1983.0,glam rock,4
1983.0,hi-nrg,2
1983.0,mellow gold,1
1983.0,mod revival,1
1983.0,new romantic,10
1983.0,new wave,1
1983.0,new wave pop,1
1983.0,reggae,1
1983.0,reggae fusion,1
1983.0,soft rock,2
1984.0,album rock,27
1984.0,australian rock,4
1984.0,british invasion,1
1984.0,canadian pop,3
1984.0,classic girl group,2
1984.0,classic nz pop,1
1984.0,classic rock,5
1984.0,contemporary r&b,1
1984.0,coventry indie,1
1984.0,dance pop,3
1984.0,dance rock,1
1984.0,disco,6
1984.0,europop,1
1984.0,funk,1
1984.0,german pop,1
1984.0,german soundtrack,1
1984.0,glam metal,1
1984.0,glam rock,1
1984.0,heartland rock,3
1984.0,hi-nrg,1
1984.0,irish rock,2
1984.0,mellow gold,1
1984.0,new romantic,14
1984.0,new wave pop,1
1984.0,rock-and-roll,1
1984.0,soft rock,1
1985.0,adult standards,2
1985.0,album rock,23
1985.0,alternative rock,1
1985.0,art pop,1
1985.0,australian alternative rock,1
1985.0,australian rock,18
1985.0,austropop,1
1985.0,baroque pop,1
1985.0,british soul,1
1985.0,celtic rock,1
1985.0,classic nz pop,1
1985.0,classic rock,1
1985.0,classic schlager,1
1985.0,classic soul,2
1985.0,classic uk pop,1
1985.0,contemporary r&b,1
1985.0,dance pop,4
1985.0,dance rock,5
1985.0,disco,2
1985.0,funk,1
1985.0,glam rock,1
1985.0,hi-nrg,1
1985.0,motown,2
1985.0,musical advocacy,2
1985.0,new romantic,7
1985.0,new wave,1
1985.0,new wave pop,5
1985.0,philly indie,2
1985.0,power pop,3
1985.0,reggae fusion,1
1985.0,rock drums,5
1985.0,yacht rock,1
1986.0,album rock,25
1986.0,alternative rock,6
1986.0,art rock,1
1986.0,australian alternative rock,1
1986.0,australian indigenous music,1
1986.0,australian pop,2
1986.0,australian rock,18
1986.0,classic canadian rock,1
1986.0,classic rock,1
1986.0,contemporary r&b,2
1986.0,country rock,1
1986.0,dance pop,7
1986.0,dance rock,3
1986.0,disco,1
1986.0,east coast hip hop,2
1986.0,freestyle,2
1986.0,funk,1
1986.0,girl group,4
1986.0,glam metal,11
1986.0,glam rock,1
1986.0,hi-nrg,3
1986.0,new romantic,11
1986.0,new wave pop,2
1986.0,soft rock,5
1986.0,yacht rock,1
1987.0,adult standards,9
1987.0,album rock,31
1987.0,alternative rock,3
1987.0,australian indigenous music,1
1987.0,australian rock,19
1987.0,beatlesque,1
1987.0,blues,2
1987.0,blues rock,1
1987.0,classic garage rock,2
1987.0,classic nz pop,2
1987.0,classic rock,1
1987.0,dance pop,4
1987.0,dance rock,1
1987.0,disco,1
1987.0,girl group,1
1987.0,glam metal,5
1987.0,hi-nrg,1
1987.0,irish rock,12
1987.0,louisiana blues,1
1987.0,new romantic,11
1987.0,new wave pop,12
1987.0,protopunk,1
1987.0,r&b,1
1987.0,rock keyboard,1
1987.0,roots rock,1
1987.0,soft rock,3
1987.0,yacht rock,1
1987.0,zolo,1
1988.0,a cappella,1
1988.0,adult standards,1
1988.0,album rock,16
1988.0,alternative country,1
1988.0,alternative rock,1
1988.0,australian alternative rock,3
1988.0,australian dance,2
1988.0,australian pop,5
1988.0,australian rock,28
1988.0,big beat,1
1988.0,boy band,3
1988.0,british invasion,2
1988.0,british soul,2
1988.0,candy pop,1
1988.0,celtic,1
1988.0,celtic rock,3
1988.0,classic country pop,4
1988.0,contemporary r&b,2
1988.0,country,1
1988.0,dance pop,1
1988.0,dance rock,3
1988.0,disco,1
1988.0,ectofolk,2
1988.0,europop,5
1988.0,folk,3
1988.0,freestyle,4
1988.0,glam metal,4
1988.0,glam rock,1
1988.0,hard rock,3
1988.0,irish rock,4
1988.0,minneapolis sound,3
1988.0,new romantic,5
1988.0,new wave pop,3
1988.0,operatic pop,1
1988.0,reggae fusion,1
1989.0,adult standards,5
1989.0,album rock,19
1989.0,alternative metal,2
1989.0,alternative rock,1
1989.0,australian indigenous music,2
1989.0,australian rock,10
1989.0,beatlesque,1
1989.0,british comedy,1
1989.0,british invasion,3
1989.0,british soul,1
1989.0,britpop,2
1989.0,bubblegum pop,1
1989.0,candy pop,1
1989.0,classic canadian rock,2
1989.0,classic country pop,1
1989.0,classic nz pop,1
1989.0,classic rock,2
1989.0,classic uk pop,1
1989.0,country rock,3
1989.0,cyberpunk,1
1989.0,dance pop,8
1989.0,disco,2
1989.0,dream pop,1
1989.0,europop,4
1989.0,freestyle,7
1989.0,funk,1
1989.0,glam rock,1
1989.0,grunge,1
1989.0,hip house,2
1989.0,mellow gold,1
1989.0,new romantic,5
1989.0,new wave pop,4
1989.0,rock drums,1
1989.0,soft rock,2
1989.0,zouk,2
1990.0,adult standards,3
1990.0,album rock,11
1990.0,alternative rock,1
1990.0,australian alternative rock,1
1990.0,australian children's music,2
1990.0,australian dance,3
1990.0,australian indigenous music,1
1990.0,australian pop,5
1990.0,australian rock,14
1990.0,blues rock,1
1990.0,boy band,1
1990.0,british invasion,1
1990.0,bubblegum pop,1
1990.0,classic country pop,1
1990.0,classic uk pop,1
1990.0,cosmic american,1
1990.0,dance pop,5
1990.0,disco,1
1990.0,diva house,7
1990.0,doo-wop,2
1990.0,europop,2
1990.0,funk,1
1990.0,funk metal,2
1990.0,girl group,5
1990.0,glam metal,1
1990.0,glam rock,3
1990.0,hard rock,1
1990.0,hip hop,2
1990.0,hip house,5
1990.0,lilith,3
1990.0,lovers rock,1
1990.0,miami hip hop,3
1990.0,new wave pop,1
1990.0,novelty,1
1990.0,old school hip hop,1
1990.0,pop rock,1
1991.0,adult standards,4
1991.0,album rock,4
1991.0,alternative metal,2
1991.0,alternative rock,6
1991.0,art rock,1
1991.0,australian alternative rock,1
1991.0,australian indigenous music,3
1991.0,australian rock,14
1991.0,beatlesque,1
1991.0,boy band,5
1991.0,british invasion,2
1991.0,britpop,3
1991.0,canadian pop,3
1991.0,christian music,2
1991.0,classic country pop,2
1991.0,classic rock,1
1991.0,classic soul,1
1991.0,classic uk pop,3
1991.0,contemporary r&b,3
1991.0,country rock,1
1991.0,dance pop,3
1991.0,dance rock,2
1991.0,diva house,1
1991.0,europop,1
1991.0,funk,4
1991.0,funk metal,2
1991.0,glam metal,7
1991.0,grunge,2
1991.0,hard rock,6
1991.0,irish rock,7
1991.0,mellow gold,5
1991.0,new romantic,1
1991.0,pop rock,2
1991.0,r&b,3
1991.0,soft rock,3
1992.0,acid house,2
1992.0,adult standards,1
1992.0,album rock,4
1992.0,alternative metal,8
1992.0,alternative rock,7
1992.0,australian alternative rock,2
1992.0,australian country,1
1992.0,australian dance,1
1992.0,australian pop,2
1992.0,australian rock,14
1992.0,big beat,1
1992.0,boy band,1
1992.0,british invasion,2
1992.0,broadway,1
1992.0,canadian pop,1
1992.0,canadian singer-songwriter,1
1992.0,classic australian country,2
1992.0,classic country pop,2
1992.0,classic uk pop,2
1992.0,classical tenor,1
1992.0,contemporary r&b,4
1992.0,country rock,1
1992.0,dance pop,7
1992.0,disco,2
1992.0,diva house,2
1992.0,doo-wop,1
1992.0,easy listening,1
1992.0,eurodance,3
1992.0,europop,1
1992.0,funk,2
1992.0,funk metal,2
1992.0,gangster rap,3
1992.0,glam metal,3
1992.0,glam rock,1
1992.0,lilith,2
1992.0,merseybeat,1
1992.0,new romantic,2
1992.0,new wave pop,3
1992.0,northern soul,1
1992.0,old school hip hop,2
1992.0,permanent wave,2
1992.0,soft rock,6
1993.0,acoustic blues,2
1993.0,adult standards,1
1993.0,album rock,6
1993.0,alternative metal,2
1993.0,alternative rock,3
1993.0,australian alternative rock,2
1993.0,australian pop,3
1993.0,australian rock,2
1993.0,boy band,2
1993.0,british invasion,1
1993.0,british soul,1
1993.0,bubble trance,2
1993.0,bubblegum pop,2
1993.0,canadian old school hip hop,1
1993.0,canadian pop,4
1993.0,canadian rock,1
1993.0,classic country pop,1
1993.0,classic soundtrack,1
1993.0,classic uk pop,1
1993.0,comedy,1
1993.0,comic metal,1
1993.0,contemporary r&b,4
1993.0,dance pop,6
1993.0,dance rock,1
1993.0,diva house,1
1993.0,doo-wop,1
1993.0,downtempo,1
1993.0,east coast hip hop,1
1993.0,eurodance,11
1993.0,europop,2
1993.0,funana,1
1993.0,g funk,1
1993.0,girl group,3
1993.0,golden age hip hop,2
1993.0,hip house,3
1993.0,irish rock,2
1993.0,jangle pop,1
1993.0,lilith,1
1993.0,neo mellow,3
1993.0,new romantic,1
1993.0,permanent wave,2
1993.0,psychedelic folk rock,1
1993.0,reggae fusion,2
1993.0,soft rock,2
1993.0,souldies,1
1993.0,theme,3
1994.0,adult standards,1
1994.0,afropop,2
1994.0,album rock,5
1994.0,alternative metal,12
1994.0,alternative rock,6
1994.0,atl hip hop,3
1994.0,australian dance,6
1994.0,bebop,1
1994.0,boy band,3
1994.0,british soul,1
1994.0,britpop,1
1994.0,bubble trance,1
1994.0,bubblegum pop,3
1994.0,canadian singer-songwriter,1
1994.0,classic country pop,1
1994.0,classic house,1
1994.0,classic oklahoma country,1
1994.0,classic soul,2
1994.0,contemporary r&b,1
1994.0,dark pop,1
1994.0,disco,3
1994.0,diva house,4
1994.0,doo-wop,1
1994.0,eurodance,1
1994.0,europop,1
1994.0,g funk,3
1994.0,glam metal,2
1994.0,glam rock,1
1994.0,grebo,1
1994.0,grunge,7
1994.0,irish rock,2
1994.0,lilith,2
1994.0,madchester,1
1994.0,merseybeat,1
1994.0,modern rock,4
1994.0,nashville sound,1
1994.0,neo mellow,2
1994.0,new wave pop,1
1994.0,permanent wave,2
1994.0,pop rock,3
1994.0,uk reggae,1
1995.0,adult standards,1
1995.0,alaska indie,1
1995.0,album rock,4
1995.0,alternative metal,7
1995.0,alternative rock,12
1995.0,ambient pop,1
1995.0,american folk revival,1
1995.0,arkansas country,1
1995.0,australian alternative rock,2
1995.0,australian indigenous music,1
1995.0,australian pop,3
1995.0,australian rock,7
1995.0,beatlesque,5
1995.0,big beat,1
1995.0,boy band,6
1995.0,britpop,1
1995.0,bubblegum pop,1
1995.0,canadian country,2
1995.0,canadian pop,6
1995.0,canadian psychedelic,1
1995.0,celtic rock,4
1995.0,classic rock,2
1995.0,classic soul,4
1995.0,contemporary r&b,5
1995.0,cowpunk,1
1995.0,dance pop,14
1995.0,dance rock,1
1995.0,deep adult standards,1
1995.0,diva house,11
1995.0,early reggae,1
1995.0,east coast hip hop,1
1995.0,easy listening,2
1995.0,ectofolk,1
1995.0,electro,1
1995.0,eurodance,3
1995.0,europop,2
1995.0,folk,2
1995.0,freestyle,1
1995.0,g funk,4
1995.0,german pop rock,1
1995.0,glam metal,1
1995.0,heartland rock,2
1995.0,hip house,2
1995.0,lilith,1
1995.0,mellow gold,3
1995.0,modern rock,1
1995.0,new romantic,4
1995.0,new wave pop,1
1995.0,pop rock,2
1995.0,r&b,7
1995.0,reggae fusion,1
1995.0,remix product,1
1996.0,adult standards,8
1996.0,album rock,3
1996.0,alternative metal,3
1996.0,alternative rock,3
1996.0,atlanta bass,1
1996.0,austin singer-songwriter,1
1996.0,australian alternative rock,4
1996.0,australian pop,5
1996.0,australian rock,5
1996.0,big beat,1
1996.0,boy band,13
1996.0,brill building pop,3
1996.0,british invasion,1
1996.0,british soul,1
1996.0,bubblegum pop,1
1996.0,canadian pop,5
1996.0,candy pop,2
1996.0,classic country pop,1
1996.0,classic rock,1
1996.0,classic soul,1
1996.0,classic uk pop,1
1996.0,contemporary r&b,4
1996.0,country,1
1996.0,country rock,1
1996.0,cowboy western,2
1996.0,dance pop,7
1996.0,dance rock,1
1996.0,diva house,2
1996.0,doo-wop,1
1996.0,dream trance,2
1996.0,dutch pop,1
1996.0,east coast hip hop,3
1996.0,eurodance,1
1996.0,europop,1
1996.0,german techno,1
1996.0,glam rock,3
1996.0,hard rock,3
1996.0,irish rock,1
1996.0,jam band,1
1996.0,jazz blues,1
1996.0,lilith,5
1996.0,mellow gold,1
1996.0,merseybeat,1
1996.0,miami bass,1
1996.0,mod revival,1
1996.0,motown,1
1996.0,neo mellow,5
1996.0,new romantic,1
1996.0,new wave pop,3
1996.0,nz pop,1
1996.0,permanent wave,1
1996.0,philly indie,1
1996.0,pop rock,4
1996.0,psychedelic rock,1
1996.0,rock-and-roll,1
1997.0,acid rock,1
1997.0,adult standards,8
1997.0,album rock,4
1997.0,alternative metal,15
1997.0,alternative rock,10
1997.0,anarcho-punk,1
1997.0,art rock,1
1997.0,atl hip hop,1
1997.0,aussie emo,1
1997.0,australian alternative rock,4
1997.0,australian dance,2
1997.0,australian rock,1
1997.0,beatlesque,1
1997.0,big beat,1
1997.0,blues rock,1
1997.0,boston punk,2
1997.0,boy band,14
1997.0,british blues,2
1997.0,british invasion,1
1997.0,britpop,3
1997.0,bubblegum dance,5
1997.0,canadian country,7
1997.0,canadian pop,3
1997.0,chapel hill sound,1
1997.0,classic country pop,1
1997.0,classic garage rock,1
1997.0,classic girl group,1
1997.0,classic house,2
1997.0,classic nz pop,2
1997.0,classic rock,1
1997.0,classic uk pop,1
1997.0,contemporary country,1
1997.0,contemporary r&b,4
1997.0,country rock,1
1997.0,dance pop,14
1997.0,dance rock,3
1997.0,derby indie,1
1997.0,disco,1
1997.0,diva house,2
1997.0,east coast hip hop,1
1997.0,eurodance,4
1997.0,europop,2
1997.0,g funk,3
1997.0,german techno,1
1997.0,glam rock,2
1997.0,hard rock,3
1997.0,hip hop,4
1997.0,hip house,1
1997.0,irish rock,1
1997.0,lilith,2
1997.0,merseybeat,1
1997.0,minneapolis sound,1
1997.0,modern rock,3
1997.0,nashville sound,1
1997.0,neo mellow,1
1997.0,new romantic,1
1997.0,new wave pop,4
1997.0,pop rock,3
1997.0,r&b,1
1998.0,adult standards,2
1998.0,album rock,9
1998.0,alternative metal,7
1998.0,alternative r&b,2
1998.0,alternative rock,6
1998.0,american folk revival,2
1998.0,arkansas country,1
1998.0,australian alternative rock,11
1998.0,australian pop,6
1998.0,big beat,4
1998.0,boy band,5
1998.0,bubblegum dance,2
1998.0,bubblegum pop,3
1998.0,canadian pop,5
1998.0,celtic rock,2
1998.0,classic belgian pop,1
1998.0,classic girl group,1
1998.0,classic uk pop,1
1998.0,contemporary r&b,5
1998.0,country,1
1998.0,country rock,1
1998.0,dance pop,6
1998.0,dance rock,3
1998.0,disco,1
1998.0,diva house,3
1998.0,double drumming,1
1998.0,downtempo,2
1998.0,electronica,2
1998.0,eurodance,3
1998.0,europop,3
1998.0,filter house,2
1998.0,folk,1
1998.0,football,1
1998.0,g funk,3
1998.0,german dance,1
1998.0,hard rock,1
1998.0,hip house,1
1998.0,hollywood,3
1998.0,irish rock,2
1998.0,latin pop,1
1998.0,merseybeat,2
1998.0,neo mellow,4
1998.0,neo-traditional country,1
1998.0,new jersey rap,1
1998.0,new wave pop,4
1998.0,parody,1
1998.0,permanent wave,1
1998.0,pop rock,7
1998.0,post-grunge,2
1998.0,rhythm and blues,2
1998.0,rock drums,8
1998.0,swamp pop,1
1999.0,2-step,1
1999.0,album rock,2
1999.0,alternative dance,1
1999.0,alternative metal,27
1999.0,alternative rock,4
1999.0,atl hip hop,3
1999.0,australian alternative rock,6
1999.0,australian dance,2
1999.0,australian pop,6
1999.0,bakersfield sound,1
1999.0,blues rock,3
1999.0,boy band,4
1999.0,british invasion,2
1999.0,british soul,1
1999.0,bubblegum pop,1
1999.0,canadian pop,3
1999.0,canadian rock,1
1999.0,candy pop,1
1999.0,classic garage rock,1
1999.0,classic rock,1
1999.0,contemporary country,1
1999.0,contemporary r&b,8
1999.0,dance pop,29
1999.0,detroit hip hop,1
1999.0,disco,3
1999.0,disco house,2
1999.0,doo-wop,1
1999.0,downtempo,4
1999.0,east coast hip hop,2
1999.0,easy listening,1
1999.0,eurodance,6
1999.0,europop,3
1999.0,folk,1
1999.0,german dance,1
1999.0,girl group,1
1999.0,hip hop,1
1999.0,latin pop,6
1999.0,mandopop,2
1999.0,modern folk rock,1
1999.0,motown,2
1999.0,neo soul,1
1999.0,new romantic,2
1999.0,new wave pop,2
1999.0,pop rock,4
1999.0,reggae,1
1999.0,rock drums,1
2000.0,adult standards,10
2000.0,afrikaans,1
2000.0,album rock,6
2000.0,alternative dance,1
2000.0,alternative metal,12
2000.0,alternative rock,3
2000.0,atl hip hop,2
2000.0,australian alternative rock,12
2000.0,australian indigenous music,1
2000.0,australian pop,5
2000.0,australian rock,2
2000.0,bahamian pop,2
2000.0,beatlesque,1
2000.0,big beat,1
2000.0,boy band,12
2000.0,british folk,2
2000.0,british invasion,4
2000.0,british soul,3
2000.0,bubblegum dance,5
2000.0,candy pop,1
2000.0,ccm,1
2000.0,celtic rock,1
2000.0,chicano rap,1
2000.0,classic country pop,3
2000.0,classic rock,1
2000.0,classic soul,2
2000.0,classic uk pop,1
2000.0,contemporary r&b,7
2000.0,country,1
2000.0,dance pop,24
2000.0,dance rock,5
2000.0,disco,1
2000.0,disco house,4
2000.0,diva house,5
2000.0,dixieland,1
2000.0,downtempo,1
2000.0,easy listening,1
2000.0,eurodance,5
2000.0,europop,3
2000.0,freestyle,1
2000.0,funk,1
2000.0,glam metal,4
2000.0,gospel,1
2000.0,irish rock,4
2000.0,latin pop,1
2000.0,modern rock,2
2000.0,neo mellow,5
2000.0,permanent wave,6
2000.0,pop rock,5
2000.0,pop soul,2
2000.0,reggae fusion,1
2000.0,rock-and-roll,1
2000.0,spanish invasion,1
2001.0,adult standards,5
2001.0,album rock,5
2001.0,alternative dance,1
2001.0,alternative hip hop,2
2001.0,alternative metal,20
2001.0,alternative rock,6
2001.0,american folk revival,2
2001.0,art rock,1
2001.0,atl hip hop,7
2001.0,australian alternative rock,2
2001.0,australian americana,1
2001.0,australian country,1
2001.0,australian dance,3
2001.0,australian pop,10
2001.0,australian rock,2
2001.0,australian ska,1
2001.0,belgian dance,1
2001.0,big beat,4
2001.0,boy band,7
2001.0,brill building pop,3
2001.0,british comedy,1
2001.0,bubblegum pop,9
2001.0,canadian indie,1
2001.0,candy pop,3
2001.0,ccm,1
2001.0,chicago soul,1
2001.0,classic rock,1
2001.0,classic uk pop,1
2001.0,colombian pop,3
2001.0,contemporary r&b,3
2001.0,country,1
2001.0,country rock,1
2001.0,dance pop,44
2001.0,dance rock,1
2001.0,deep adult standards,2
2001.0,detroit hip hop,1
2001.0,disco,5
2001.0,disco house,1
2001.0,diva house,2
2001.0,doo-wop,5
2001.0,east coast hip hop,1
2001.0,electro,1
2001.0,electrofox,1
2001.0,eurodance,3
2001.0,europop,3
2001.0,filter house,2
2001.0,folk,1
2001.0,girl group,2
2001.0,hawaiian,1
2001.0,hip pop,2
2001.0,modern rock,1
2001.0,nashville sound,1
2001.0,neo mellow,7
2001.0,neo soul,1
2001.0,new romantic,1
2001.0,new wave,2
2001.0,new wave pop,1
2001.0,permanent wave,2
2001.0,pop rock,2
2001.0,pop soul,1
2001.0,reggae,2
2001.0,tropical,1
2002.0,acoustic pop,1
2002.0,adult standards,3
2002.0,album rock,2
2002.0,alternative metal,12
2002.0,alternative rock,4
2002.0,arkansas country,4
2002.0,atl hip hop,3
2002.0,australian alternative rock,7
2002.0,australian americana,1
2002.0,australian dance,2
2002.0,australian indigenous music,1
2002.0,australian pop,6
2002.0,australian rock,1
2002.0,beatlesque,1
2002.0,bhangra,1
2002.0,boy band,1
2002.0,british alternative rock,3
2002.0,british blues,1
2002.0,british soul,2
2002.0,britpop,1
2002.0,bronx hip hop,1
2002.0,bubblegum pop,3
2002.0,canadian pop,6
2002.0,canadian pop punk,1
2002.0,classic uk pop,2
2002.0,contemporary country,1
2002.0,contemporary r&b,4
2002.0,contemporary vocal jazz,3
2002.0,dance pop,37
2002.0,dance rock,2
2002.0,danish pop,1
2002.0,detroit hip hop,9
2002.0,downtempo,1
2002.0,dutch house,1
2002.0,east coast hip hop,6
2002.0,electronic rock,1
2002.0,eurodance,3
2002.0,europop,9
2002.0,flamenco electronica,1
2002.0,german pop,1
2002.0,glam rock,2
2002.0,grunge,3
2002.0,hip hop,1
2002.0,irish rock,2
2002.0,jangle pop,1
2002.0,lilith,4
2002.0,louisiana blues,1
2002.0,neo mellow,3
2002.0,new romantic,2
2002.0,new wave pop,1
2002.0,permanent wave,4
2002.0,pop,4
2002.0,rap kreyol,1
2002.0,reggae,1
2002.0,rhythm and blues,1
2002.0,rock drums,1
2002.0,rock-and-roll,8
2002.0,swedish indie rock,1
2003.0,acoustic pop,1
2003.0,adult standards,8
2003.0,alaska indie,1
2003.0,album rock,1
2003.0,alternative metal,27
2003.0,alternative rock,8
2003.0,atl hip hop,5
2003.0,australian alternative rock,10
2003.0,australian americana,2
2003.0,australian dance,8
2003.0,australian pop,18
2003.0,australian reggae fusion,2
2003.0,australian rock,4
2003.0,banjo,2
2003.0,baroque pop,2
2003.0,big beat,1
2003.0,boy band,9
2003.0,brill building pop,1
2003.0,britpop,2
2003.0,bubblegum dance,3
2003.0,bubblegum pop,1
2003.0,candy pop,4
2003.0,chicano rap,1
2003.0,classic soul,1
2003.0,classic uk pop,1
2003.0,contemporary r&b,3
2003.0,country,3
2003.0,crunk,3
2003.0,dance pop,24
2003.0,dance rock,1
2003.0,dirty south rap,1
2003.0,disco,1
2003.0,disco house,1
2003.0,doo-wop,1
2003.0,downtempo,1
2003.0,dutch trance,1
2003.0,east coast hip hop,5
2003.0,emo,1
2003.0,eurodance,2
2003.0,finnish alternative rock,1
2003.0,funk metal,1
2003.0,g funk,1
2003.0,gangster rap,2
2003.0,garage rock,8
2003.0,glam metal,4
2003.0,glam rock,2
2003.0,grunge,1
2003.0,hip pop,3
2003.0,mellow gold,1
2003.0,nashville sound,1
2003.0,native american contemporary,1
2003.0,neo mellow,6
2003.0,neo soul,1
2003.0,northern irish punk,1
2003.0,novelty,1
2003.0,nz hip hop,2
2003.0,pop,3
2003.0,pop rock,1
2003.0,rock-and-roll,1
2003.0,scottish new wave,1
2003.0,solo wave,1
2003.0,talent show,1
2003.0,uk garage,2
2004.0,acid jazz,1
2004.0,acid rock,1
2004.0,adult standards,8
2004.0,album rock,3
2004.0,alternative hip hop,1
2004.0,alternative metal,7
2004.0,alternative rock,7
2004.0,arkansas country,2
2004.0,atl hip hop,5
2004.0,australian alternative rock,12
2004.0,australian americana,1
2004.0,australian country,4
2004.0,australian dance,7
2004.0,australian indie,5
2004.0,australian indigenous music,1
2004.0,australian pop,10
2004.0,banjo,1
2004.0,big beat,2
2004.0,birmingham hip hop,1
2004.0,bouncy house,1
2004.0,boy band,2
2004.0,british invasion,8
2004.0,britpop,3
2004.0,bubblegum pop,2
2004.0,canadian country,2
2004.0,canadian pop,6
2004.0,canadian pop punk,3
2004.0,cantaditas,1
2004.0,chicago rap,1
2004.0,classic country pop,1
2004.0,classic nz pop,1
2004.0,collage pop,1
2004.0,contemporary country,1
2004.0,contemporary r&b,1
2004.0,crunk,2
2004.0,dance pop,43
2004.0,detroit hip hop,5
2004.0,dirty south rap,1
2004.0,disco,2
2004.0,diva house,2
2004.0,east coast hip hop,1
2004.0,edm,1
2004.0,europop,2
2004.0,g funk,3
2004.0,girl group,2
2004.0,gregorian dance,2
2004.0,grunge,2
2004.0,hi-nrg,1
2004.0,hip hop,1
2004.0,latin hip hop,1
2004.0,modern rock,2
2004.0,motown,1
2004.0,neo mellow,2
2004.0,neon pop punk,1
2004.0,new romantic,3
2004.0,new wave pop,2
2004.0,pop soul,2
2004.0,quiet storm,1
2004.0,soca,1
2004.0,soft rock,3
2005.0,adelaide punk,1
2005.0,adult standards,9
2005.0,album rock,3
2005.0,alternative dance,2
2005.0,alternative hip hop,2
2005.0,alternative metal,14
2005.0,alternative rock,3
2005.0,american folk revival,1
2005.0,arkansas country,1
2005.0,australian alternative rock,16
2005.0,australian country,2
2005.0,australian dance,9
2005.0,australian pop,11
2005.0,australian reggae fusion,1
2005.0,australian rock,1
2005.0,barbadian pop,2
2005.0,big beat,3
2005.0,boy band,10
2005.0,british blues,3
2005.0,british invasion,1
2005.0,bronx hip hop,2
2005.0,bubblegum dance,4
2005.0,bubblegum pop,2
2005.0,canadian pop,2
2005.0,candy pop,1
2005.0,chicago indie,1
2005.0,chicago rap,4
2005.0,classic country pop,1
2005.0,classic danish pop,1
2005.0,classic girl group,3
2005.0,classic soul,1
2005.0,classic uk pop,3
2005.0,colombian pop,1
2005.0,contemporary r&b,3
2005.0,dance pop,34
2005.0,dance rock,4
2005.0,detroit hip hop,6
2005.0,disco,3
2005.0,doo-wop,4
2005.0,downtempo,1
2005.0,early synthpop,1
2005.0,east coast hip hop,4
2005.0,easy listening,1
2005.0,ectofolk,3
2005.0,electro,1
2005.0,emo,1
2005.0,g funk,1
2005.0,girl group,1
2005.0,glam metal,2
2005.0,hip hop,1
2005.0,hip pop,1
2005.0,hollywood,3
2005.0,modern rock,5
2005.0,neo mellow,15
2005.0,new romantic,1
2005.0,nz hip hop,2
2005.0,permanent wave,2
2005.0,philly soul,1
2005.0,pop,3
2005.0,pop rock,1
2005.0,r&b,5
2005.0,surf music,2
2005.0,synthpop,1
2006.0,acoustic cover,1
2006.0,adult standards,12
2006.0,alaska indie,1
2006.0,album rock,2
2006.0,alternative metal,8
2006.0,alternative rock,8
2006.0,atl hip hop,3
2006.0,australian alternative rock,11
2006.0,australian dance,9
2006.0,australian pop,6
2006.0,australian rock,4
2006.0,australian talent show,1
2006.0,barbadian pop,2
2006.0,big beat,5
2006.0,bouncy house,1
2006.0,boy band,2
2006.0,british blues,1
2006.0,british invasion,1
2006.0,british soul,3
2006.0,bubblegum dance,1
2006.0,canadian latin,4
2006.0,canadian pop,1
2006.0,candy pop,3
2006.0,chicago rap,2
2006.0,chicago soul,1
2006.0,classic country pop,1
2006.0,classic garage rock,1
2006.0,classic girl group,1
2006.0,classic nz pop,1
2006.0,classic rock,3
2006.0,classic uk pop,2
2006.0,contemporary country,2
2006.0,cosmic american,1
2006.0,dance pop,37
2006.0,dance rock,2
2006.0,deep adult standards,3
2006.0,deep soft rock,1
2006.0,disco,1
2006.0,electro,2
2006.0,electropop,4
2006.0,emo,2
2006.0,eurodance,2
2006.0,europop,4
2006.0,garage rock,1
2006.0,german techno,2
2006.0,idol,1
2006.0,irish rock,9
2006.0,light music,1
2006.0,lounge,1
2006.0,mellow gold,1
2006.0,modern rock,3
2006.0,neo mellow,7
2006.0,new romantic,1
2006.0,new wave pop,3
2006.0,novelty,1
2006.0,pop,1
2006.0,pop rock,1
2006.0,post-disco,1
2006.0,vocal house,1
2007.0,acid house,1
2007.0,acoustic pop,3
2007.0,adult standards,8
2007.0,album rock,3
2007.0,alternative dance,9
2007.0,alternative metal,12
2007.0,alternative rock,5
2007.0,anti-folk,1
2007.0,art pop,1
2007.0,atl hip hop,3
2007.0,aussie emo,3
2007.0,australian alternative rock,4
2007.0,australian dance,14
2007.0,australian indie,1
2007.0,australian pop,11
2007.0,australian reggae fusion,3
2007.0,australian rock,14
2007.0,banjo,1
2007.0,barbadian pop,2
2007.0,big beat,3
2007.0,blues,1
2007.0,blues rock,2
2007.0,boy band,4
2007.0,british blues,1
2007.0,british soul,6
2007.0,britpop,1
2007.0,bubblegum dance,1
2007.0,bubblegum pop,3
2007.0,canadian pop,3
2007.0,candy pop,1
2007.0,chicago rap,5
2007.0,classic country pop,1
2007.0,classic nz pop,1
2007.0,classic soul,1
2007.0,contemporary country,4
2007.0,contemporary r&b,6
2007.0,dance pop,30
2007.0,dansktop,1
2007.0,disco,1
2007.0,disco house,1
2007.0,diva house,3
2007.0,doo-wop,3
2007.0,east coast hip hop,1
2007.0,ectofolk,1
2007.0,electropop,2
2007.0,electropowerpop,2
2007.0,emo,4
2007.0,escape room,1
2007.0,eurodance,1
2007.0,folk,1
2007.0,folk-pop,2
2007.0,funana,1
2007.0,glam rock,1
2007.0,hi-nrg,1
2007.0,hmong pop,1
2007.0,idol,1
2007.0,irish folk,1
2007.0,irish rock,1
2007.0,lilith,1
2007.0,louisiana blues,2
2007.0,modern rock,2
2007.0,neo mellow,9
2007.0,neo soul,2
2007.0,neon pop punk,1
2007.0,nu metal,1
2007.0,nz reggae,1
2007.0,piano rock,4
2007.0,pop,6
2007.0,pop soul,2
2007.0,r&b,3
2007.0,rock-and-roll,5
2007.0,southern soul,1
2007.0,swedish electropop,1
2008.0,acoustic pop,3
2008.0,adult standards,12
2008.0,album rock,8
2008.0,alternative dance,17
2008.0,alternative metal,15
2008.0,alternative rock,3
2008.0,art pop,8
2008.0,atl hip hop,9
2008.0,aussietronica,1
2008.0,australian alternative rock,15
2008.0,australian dance,18
2008.0,australian indigenous music,10
2008.0,australian pop,10
2008.0,australian rock,12
2008.0,barbadian pop,4
2008.0,baroque pop,1
2008.0,blues,1
2008.0,boy band,1
2008.0,brighton indie,2
2008.0,british alternative rock,1
2008.0,british comedy,1
2008.0,british invasion,3
2008.0,british soul,5
2008.0,britpop,3
2008.0,bubblegum pop,3
2008.0,canadian latin,2
2008.0,canadian pop,2
2008.0,canadian pop punk,1
2008.0,candy pop,2
2008.0,celtic rock,6
2008.0,chicago rap,1
2008.0,classic country pop,3
2008.0,classic greek pop,1
2008.0,classic house,1
2008.0,classic nz pop,1
2008.0,classic soul,2
2008.0,classic uk pop,4
2008.0,contemporary country,4
2008.0,contemporary r&b,1
2008.0,dance pop,45
2008.0,deep adult standards,1
2008.0,edm,1
2008.0,electropop,2
2008.0,emo,2
2008.0,europop,2
2008.0,filmi,2
2008.0,grime,3
2008.0,grunge,1
2008.0,hip pop,1
2008.0,irish rock,1
2008.0,lilith,1
2008.0,lovers rock,2
2008.0,mellow gold,1
2008.0,merseybeat,1
2008.0,modern alternative rock,1
2008.0,modern rock,9
2008.0,nashville sound,1
2008.0,neo mellow,3
2008.0,neo soul,3
2008.0,neon pop punk,1
2008.0,new romantic,4
2008.0,nyc rap,1
2008.0,opm,1
2008.0,permanent wave,6
2008.0,pop,24
2008.0,pop rap,1
2008.0,r&b,5
2008.0,smooth jazz,1
2008.0,surf music,1
2008.0,talent show,1
2009.0,acid rock,1
2009.0,acoustic pop,4
2009.0,adult standards,5
2009.0,album rock,4
2009.0,alternative dance,25
2009.0,alternative metal,9
2009.0,alternative pop,1
2009.0,alternative rock,7
2009.0,art pop,5
2009.0,auckland indie,1
2009.0,aussie emo,3
2009.0,australian alternative rock,17
2009.0,australian country,4
2009.0,australian dance,15
2009.0,australian hip hop,3
2009.0,australian indie,3
2009.0,australian indie folk,1
2009.0,australian indie rock,2
2009.0,australian pop,8
2009.0,australian rock,7
2009.0,australian talent show,4
2009.0,barbadian pop,6
2009.0,baroque pop,3
2009.0,belgian dance,1
2009.0,big room,1
2009.0,blues,2
2009.0,boy band,2
2009.0,brill building pop,1
2009.0,british invasion,3
2009.0,british soul,3
2009.0,britpop,4
2009.0,bubblegum pop,2
2009.0,canadian electronic,1
2009.0,canadian indie,2
2009.0,canadian pop,1
2009.0,candy pop,7
2009.0,cartoon,1
2009.0,classic canadian rock,1
2009.0,classic girl group,2
2009.0,classic oklahoma country,1
2009.0,classic swedish pop,1
2009.0,classic uk pop,1
2009.0,colombian pop,1
2009.0,comedy rock,1
2009.0,contemporary country,1
2009.0,contemporary r&b,4
2009.0,country,1
2009.0,country rock,1
2009.0,dance pop,69
2009.0,dance rock,1
2009.0,dance-punk,1
2009.0,deep adult standards,1
2009.0,deep eurodance,1
2009.0,detroit hip hop,2
2009.0,disco house,5
2009.0,diva house,1
2009.0,doo-wop,2
2009.0,downtempo,4
2009.0,dutch house,2
2009.0,dutch pop,1
2009.0,east coast hip hop,4
2009.0,electronic rock,1
2009.0,electropop,1
2009.0,emo,1
2009.0,eurodance,3
2009.0,europop,1
2009.0,folk-pop,1
2009.0,garage rock,2
2009.0,glam rock,1
2009.0,grime,1
2009.0,hi-nrg,2
2009.0,hip hop,2
2009.0,hypertechno,1
2009.0,indie rock,3
2009.0,indietronica,6
2009.0,irish rock,1
2009.0,metropopolis,2
2009.0,modern folk rock,2
2009.0,modern rock,6
2009.0,nashville sound,3
2009.0,neo mellow,10
2009.0,neo soul,2
2009.0,neon pop punk,3
2009.0,novelty,1
2009.0,piano rock,1
2009.0,pop,6
2009.0,portland indie,2
2009.0,rock-and-roll,1
2009.0,scandipop,1
2009.0,soft rock,1
2009.0,surf music,2
2009.0,swedish jazz,1
2010.0,adult standards,2
2010.0,afrofuturism,1
2010.0,album rock,5
2010.0,alternative dance,8
2010.0,alternative metal,7
2010.0,alternative rock,2
2010.0,asian american hip hop,2
2010.0,atl hip hop,12
2010.0,auckland indie,3
2010.0,australian alternative rock,8
2010.0,australian dance,18
2010.0,australian indie,7
2010.0,australian indie folk,3
2010.0,australian indigenous music,5
2010.0,australian pop,11
2010.0,australian psych,1
2010.0,australian reggae fusion,1
2010.0,australian rock,3
2010.0,australian talent show,3
2010.0,banjo,2
2010.0,barbadian pop,5
2010.0,baroque pop,4
2010.0,big beat,4
2010.0,big room,7
2010.0,boy band,1
2010.0,brill building pop,1
2010.0,british soul,1
2010.0,bubblegum pop,2
2010.0,canadian electronic,1
2010.0,canadian latin,1
2010.0,canadian pop,2
2010.0,canadian rockabilly,1
2010.0,celtic rock,3
2010.0,chamber pop,2
2010.0,chicago rap,2
2010.0,classic canadian rock,3
2010.0,classic country pop,1
2010.0,classic girl group,1
2010.0,classic rock,1
2010.0,classic schlager,1
2010.0,classic soul,1
2010.0,classic uk pop,2
2010.0,colombian pop,1
2010.0,comedy rap,1
2010.0,contemporary country,6
2010.0,country,1
2010.0,country rock,1
2010.0,dance pop,62
2010.0,deep adult standards,3
2010.0,detroit hip hop,6
2010.0,disco,4
2010.0,disco house,2
2010.0,doo-wop,1
2010.0,east coast hip hop,1
2010.0,electro swing,1
2010.0,emo,1
2010.0,eurodance,2
2010.0,europop,2
2010.0,gabber,1
2010.0,glam metal,3
2010.0,hi-nrg,1
2010.0,hip pop,2
2010.0,indie pop rap,4
2010.0,indie rock,1
2010.0,latin hip hop,1
2010.0,lilith,1
2010.0,mellow gold,2
2010.0,metropopolis,1
2010.0,modern rock,4
2010.0,neo mellow,3
2010.0,new beat,1
2010.0,new romantic,1
2010.0,novelty,2
2010.0,pop,16
2010.0,pop rap,5
2010.0,pop soul,3
2010.0,pub rock,2
2010.0,r&b,1
2010.0,reggae,2
2010.0,rock-and-roll,1
2010.0,swedish electropop,1
2010.0,talent show,2
2010.0,uk alternative pop,1
2010.0,uk contemporary r&b,1
2011.0,adult standards,9
2011.0,album rock,10
2011.0,alternative dance,9
2011.0,alternative metal,3
2011.0,alternative rock,4
2011.0,art pop,8
2011.0,aussie emo,2
2011.0,aussietronica,5
2011.0,australian alternative rock,9
2011.0,australian country,1
2011.0,australian dance,12
2011.0,australian hip hop,4
2011.0,australian indie,5
2011.0,australian indigenous music,5
2011.0,australian pop,5
2011.0,australian rock,13
2011.0,australian talent show,2
2011.0,barbadian pop,5
2011.0,baroque pop,6
2011.0,big room,6
2011.0,boy band,3
2011.0,brill building pop,1
2011.0,brit funk,1
2011.0,british invasion,2
2011.0,british soul,11
2011.0,brostep,1
2011.0,bubblegum pop,2
2011.0,canadian electronic,1
2011.0,canadian folk,1
2011.0,canadian hip hop,1
2011.0,canadian pop,2
2011.0,canadian pop punk,4
2011.0,candy pop,1
2011.0,chicago rap,1
2011.0,classic canadian rock,1
2011.0,classic garage rock,1
2011.0,classic girl group,5
2011.0,classic house,1
2011.0,classic uk pop,2
2011.0,comedy rap,1
2011.0,comic,1
2011.0,complextro,1
2011.0,contemporary country,2
2011.0,dance pop,55
2011.0,dance rock,3
2011.0,dancefloor dnb,1
2011.0,dansktop,1
2011.0,deep adult standards,3
2011.0,detroit hip hop,1
2011.0,disco house,6
2011.0,doo-wop,1
2011.0,dutch house,2
2011.0,electropowerpop,1
2011.0,eurodance,5
2011.0,freestyle,1
2011.0,french shoegaze,1
2011.0,g funk,5
2011.0,grime,3
2011.0,hi-nrg,1
2011.0,hip hop,1
2011.0,hip house,2
2011.0,hip pop,6
2011.0,indie poptimism,1
2011.0,indie rock,1
2011.0,indietronica,7
2011.0,la indie,3
2011.0,latin pop,1
2011.0,liverpool indie,4
2011.0,metropopolis,2
2011.0,modern alternative rock,2
2011.0,modern rock,2
2011.0,nashville sound,2
2011.0,neo mellow,6
2011.0,neon pop punk,1
2011.0,northern soul,1
2011.0,novelty,2
2011.0,nz folk,1
2011.0,nz pop,1
2011.0,permanent wave,3
2011.0,pop,18
2011.0,pop soul,1
2011.0,power pop,1
2011.0,r&b,2
2011.0,rhythm and blues,1
2011.0,rock-and-roll,1
2011.0,romanian pop,2
2011.0,soft rock,1
2011.0,stomp and holler,1
2011.0,talent show,1
2011.0,uk hip hop,2
2011.0,vintage french electronic,1
2012.0,acoustic cover,1
2012.0,acoustic pop,3
2012.0,adult standards,3
2012.0,album rock,3
2012.0,alternative dance,2
2012.0,alternative metal,2
2012.0,alternative rock,4
2012.0,asian american hip hop,3
2012.0,atl hip hop,3
2012.0,atlanta bass,1
2012.0,australian alternative rock,4
2012.0,australian dance,15
2012.0,australian hip hop,4
2012.0,australian indie,5
2012.0,australian indigenous music,1
2012.0,australian pop,25
2012.0,australian rock,5
2012.0,australian singer-songwriter,1
2012.0,balkan beats,1
2012.0,barbadian pop,6
2012.0,baroque pop,5
2012.0,big room,4
2012.0,boy band,8
2012.0,brill building pop,1
2012.0,britcore,4
2012.0,british soul,1
2012.0,britpop,1
2012.0,brostep,1
2012.0,bubblegum pop,1
2012.0,canadian pop,9
2012.0,candy pop,1
2012.0,celtic rock,1
2012.0,classic garage rock,1
2012.0,classic girl group,2
2012.0,classic oklahoma country,1
2012.0,classic soul,1
2012.0,complextro,2
2012.0,contemporary country,1
2012.0,dance pop,63
2012.0,dance rock,2
2012.0,dancefloor dnb,2
2012.0,deep adult standards,4
2012.0,disco,4
2012.0,doo-wop,1
2012.0,edm,3
2012.0,electro house,2
2012.0,eurodance,1
2012.0,europop,2
2012.0,folk-pop,6
2012.0,g funk,1
2012.0,girl group,2
2012.0,hardcore techno,1
2012.0,hip house,2
2012.0,hip pop,1
2012.0,idol,1
2012.0,indie poptimism,4
2012.0,indie rock,3
2012.0,indietronica,4
2012.0,israeli pop,1
2012.0,italian trance,1
2012.0,jamaican ska,1
2012.0,k-rap,2
2012.0,lilith,1
2012.0,mellow gold,1
2012.0,metropopolis,1
2012.0,modern folk rock,1
2012.0,modern power pop,1
2012.0,modern rock,12
2012.0,nederpop,1
2012.0,neo soul,3
2012.0,new wave pop,1
2012.0,novelty,1
2012.0,nz hip hop,1
2012.0,permanent wave,1
2012.0,pop,25
2012.0,pop dance,2
2012.0,pop rap,8
2012.0,post-teen pop,7
2012.0,progressive electro house,1
2012.0,r&b,7
2012.0,rhythm and blues,1
2012.0,soft rock,1
2012.0,swamp pop,1
2013.0,acoustic pop,4
2013.0,adult standards,8
2013.0,alaska indie,1
2013.0,album rock,3
2013.0,alternative metal,4
2013.0,alternative rock,1
2013.0,arkansas country,2
2013.0,art pop,7
2013.0,atl hip hop,1
2013.0,atlantic canada hip hop,1
2013.0,aussietronica,2
2013.0,australian alternative rock,2
2013.0,australian dance,7
2013.0,australian electropop,2
2013.0,australian hip hop,3
2013.0,australian indie,2
2013.0,australian indigenous music,3
2013.0,australian pop,11
2013.0,australian rock,7
2013.0,australian talent show,1
2013.0,big room,5
2013.0,boy band,8
2013.0,british invasion,2
2013.0,british soul,2
2013.0,brostep,1
2013.0,calypso,1
2013.0,canadian hip hop,1
2013.0,canadian pop,2
2013.0,candy pop,4
2013.0,chicago rap,1
2013.0,classic country pop,1
2013.0,classic oklahoma country,1
2013.0,classic soul,2
2013.0,classic uk pop,2
2013.0,comic,1
2013.0,contemporary country,2
2013.0,contemporary r&b,2
2013.0,cowboy western,1
2013.0,dance pop,37
2013.0,dance rock,1
2013.0,dancefloor dnb,1
2013.0,deep minimal techno,1
2013.0,detroit hip hop,2
2013.0,disco,1
2013.0,disco house,3
2013.0,doo-wop,1
2013.0,dutch edm,4
2013.0,dutch house,3
2013.0,easy listening,1
2013.0,edm,2
2013.0,electro,2
2013.0,electropop,2
2013.0,emo,1
2013.0,escape room,1
2013.0,eurodance,1
2013.0,folk-pop,6
2013.0,g funk,1
2013.0,garage rock,3
2013.0,girl group,2
2013.0,glam punk,1
2013.0,grime,1
2013.0,hollywood,3
2013.0,indietronica,5
2013.0,irish pop,1
2013.0,latin pop,1
2013.0,lilith,1
2013.0,metropopolis,11
2013.0,modern alternative rock,3
2013.0,modern rock,4
2013.0,motown,2
2013.0,nashville sound,2
2013.0,nederpop,1
2013.0,neo mellow,6
2013.0,neo soul,1
2013.0,new orleans soul,1
2013.0,new romantic,2
2013.0,new wave pop,1
2013.0,old school hip hop,1
2013.0,piano rock,7
2013.0,pop,27
2013.0,pop dance,6
2013.0,pop soul,1
2013.0,post-teen pop,2
2013.0,progressive rock,1
2013.0,reggae fusion,1
2013.0,ruta destroy,1
2013.0,scandipop,1
2013.0,talent show,1
2013.0,uk contemporary r&b,2
2014.0,acoustic pop,2
2014.0,adult standards,9
2014.0,afrobeats,3
2014.0,album rock,5
2014.0,alternative dance,1
2014.0,american folk revival,1
2014.0,antiviral pop,1
2014.0,argentine heavy metal,1
2014.0,art pop,4
2014.0,art rock,1
2014.0,atl hip hop,1
2014.0,auckland indie,3
2014.0,aussietronica,2
2014.0,australian dance,6
2014.0,australian hip hop,10
2014.0,australian indie,5
2014.0,australian indigenous music,2
2014.0,australian pop,17
2014.0,australian rock,9
2014.0,australian talent show,1
2014.0,austrian pop,1
2014.0,belgian edm,1
2014.0,big room,15
2014.0,boy band,12
2014.0,brill building pop,3
2014.0,british invasion,1
2014.0,british soul,4
2014.0,bubblegum pop,2
2014.0,canadian celtic,2
2014.0,canadian contemporary r&b,1
2014.0,canadian electronic,2
2014.0,canadian pop,1
2014.0,celtic rock,4
2014.0,chicago rap,1
2014.0,chicago soul,1
2014.0,classic australian country,1
2014.0,classic country pop,3
2014.0,classic girl group,2
2014.0,classic uk pop,1
2014.0,colombian pop,1
2014.0,complextro,1
2014.0,contemporary country,4
2014.0,contemporary r&b,5
2014.0,country pop,1
2014.0,dance pop,43
2014.0,dance rock,2
2014.0,dancefloor dnb,1
2014.0,deep adult standards,2
2014.0,deep euro house,2
2014.0,deep house,1
2014.0,deep talent show,1
2014.0,detroit hip hop,1
2014.0,doo-wop,3
2014.0,drum and bass,1
2014.0,easy listening,1
2014.0,edm,1
2014.0,electropop,2
2014.0,enka,1
2014.0,eurodance,4
2014.0,folk-pop,6
2014.0,freestyle,1
2014.0,french indie pop,2
2014.0,funk,1
2014.0,future garage,2
2014.0,gauze pop,1
2014.0,german pop,3
2014.0,girl group,3
2014.0,hardcore techno,1
2014.0,hip house,6
2014.0,hip pop,4
2014.0,hopebeat,1
2014.0,house,2
2014.0,idol,1
2014.0,indie poptimism,2
2014.0,indie rock,1
2014.0,indietronica,4
2014.0,irish singer-songwriter,5
2014.0,israeli pop,1
2014.0,jazz cover,1
2014.0,karaoke,1
2014.0,latin pop,1
2014.0,metropopolis,1
2014.0,modern rock,1
2014.0,neo mellow,7
2014.0,new jack swing,1
2014.0,new romantic,2
2014.0,northern soul,2
2014.0,operatic pop,1
2014.0,permanent wave,2
2014.0,piano rock,3
2014.0,poetry,1
2014.0,pop,63
2014.0,pop dance,2
2014.0,pop edm,1
2014.0,post-teen pop,3
2014.0,progressive trance,1
2014.0,r&b,1
2014.0,reggae fusion,2
2014.0,surf music,2
2014.0,swedish pop,4
2014.0,talent show,1
2014.0,uk pop,1
2014.0,viral pop,1
2015.0,acoustic cover,1
2015.0,adult standards,10
2015.0,afrobeats,1
2015.0,afroswing,1
2015.0,album rock,3
2015.0,alt z,3
2015.0,alternative metal,1
2015.0,alternative r&b,1
2015.0,art pop,2
2015.0,aussietronica,3
2015.0,australian alternative pop,3
2015.0,australian alternative rock,3
2015.0,australian comedy,2
2015.0,australian dance,3
2015.0,australian indie,3
2015.0,australian indigenous music,2
2015.0,australian pop,21
2015.0,australian psych,1
2015.0,australian rock,7
2015.0,barbadian pop,1
2015.0,belgian edm,1
2015.0,big room,3
2015.0,boston rock,1
2015.0,boy band,14
2015.0,brill building pop,1
2015.0,british invasion,1
2015.0,british soul,13
2015.0,bubble trance,1
2015.0,bubblegum pop,1
2015.0,canadian contemporary r&b,4
2015.0,canadian country,1
2015.0,canadian indie,1
2015.0,canadian pop,26
2015.0,chicago bop,1
2015.0,chicago rap,1
2015.0,chicago soul,1
2015.0,classic nz pop,1
2015.0,classic rock,2
2015.0,classic soul,1
2015.0,classic texas country,1
2015.0,complextro,1
2015.0,contemporary country,5
2015.0,contemporary r&b,7
2015.0,country rock,3
2015.0,dance pop,53
2015.0,dancefloor dnb,2
2015.0,danish pop,2
2015.0,deep adult standards,1
2015.0,deep euro house,3
2015.0,deep groove house,1
2015.0,devon indie,2
2015.0,disco,2
2015.0,disco house,1
2015.0,diva house,2
2015.0,doo-wop,1
2015.0,dutch edm,1
2015.0,dutch house,3
2015.0,east coast hip hop,2
2015.0,edm,8
2015.0,electro house,3
2015.0,electropop,2
2015.0,emo,2
2015.0,eurodance,1
2015.0,folk-pop,2
2015.0,g funk,1
2015.0,girl group,8
2015.0,gospel,1
2015.0,grime,1
2015.0,hip hop,3
2015.0,hip pop,8
2015.0,icelandic indie,1
2015.0,indie anthem-folk,1
2015.0,indie folk,1
2015.0,indie pop rap,2
2015.0,indietronica,6
2015.0,irish pop,2
2015.0,latin pop,1
2015.0,liverpool indie,1
2015.0,miami hip hop,2
2015.0,modern alternative rock,2
2015.0,modern blues rock,1
2015.0,modern rock,3
2015.0,neo mellow,2
2015.0,new jersey rap,1
2015.0,new wave pop,1
2015.0,nyc pop,1
2015.0,permanent wave,2
2015.0,pop,38
2015.0,pop dance,1
2015.0,pop soul,3
2015.0,post-teen pop,3
2015.0,pov: indie,1
2015.0,quiet storm,1
2015.0,r&b,2
2015.0,reggae fusion,5
2015.0,rhythm and blues,2
2015.0,souldies,1
2015.0,talent show,1
2015.0,uk alternative pop,1
2015.0,viral pop,1
2016.0,adult standards,15
2016.0,album rock,3
2016.0,alt z,4
2016.0,alternative dance,1
2016.0,alternative metal,1
2016.0,art pop,4
2016.0,atl hip hop,2
2016.0,auckland indie,2
2016.0,aussietronica,4
2016.0,australian alternative pop,1
2016.0,australian alternative rock,1
2016.0,australian country,2
2016.0,australian dance,12
2016.0,australian electropop,2
2016.0,australian garage punk,1
2016.0,australian hip hop,5
2016.0,australian indie,1
2016.0,australian indigenous music,3
2016.0,australian pop,21
2016.0,australian rock,4
2016.0,barbadian pop,1
2016.0,beatlesque,2
2016.0,belgian edm,1
2016.0,big room,1
2016.0,boy band,3
2016.0,british folk,2
2016.0,british soul,2
2016.0,bubblegum pop,1
2016.0,canadian contemporary r&b,7
2016.0,canadian hip hop,4
2016.0,canadian pop,8
2016.0,canadian rockabilly,1
2016.0,celtic,1
2016.0,chicago rap,1
2016.0,classic australian country,3
2016.0,classic country pop,1
2016.0,classic uk pop,1
2016.0,colombian pop,1
2016.0,comic,1
2016.0,dance pop,38
2016.0,dance rock,4
2016.0,dancefloor dnb,1
2016.0,danish electronic,1
2016.0,deep adult standards,2
2016.0,deep euro house,2
2016.0,dfw rap,5
2016.0,disco,3
2016.0,disco house,2
2016.0,diva house,2
2016.0,dream trance,1
2016.0,dutch edm,1
2016.0,edm,9
2016.0,electro,1
2016.0,electro house,1
2016.0,electropop,3
2016.0,escape room,2
2016.0,eurodance,2
2016.0,folk-pop,1
2016.0,french indie pop,1
2016.0,funk,2
2016.0,german dance,2
2016.0,girl group,5
2016.0,hammond organ,1
2016.0,hip hop,2
2016.0,hip pop,2
2016.0,hollywood,1
2016.0,house,1
2016.0,indie pop rap,2
2016.0,indietronica,2
2016.0,instrumental worship,1
2016.0,irish pop,1
2016.0,la indie,1
2016.0,la pop,2
2016.0,mellow gold,1
2016.0,melodic rap,1
2016.0,metropopolis,1
2016.0,modern alternative rock,1
2016.0,modern rock,1
2016.0,nederpop,1
2016.0,neo mellow,8
2016.0,neo soul,5
2016.0,new jack swing,1
2016.0,new romantic,1
2016.0,new wave pop,1
2016.0,piano rock,2
2016.0,pop,58
2016.0,pop dance,2
2016.0,pop rap,4
2016.0,pop rock,1
2016.0,pop soul,2
2016.0,post-teen pop,1
2016.0,psychedelic rock,2
2016.0,rhythm and blues,2
2016.0,rock drums,1
2016.0,rock-and-roll,1
2016.0,rockabilly,1
2016.0,scandipop,1
2016.0,swing italiano,1
2016.0,trance,1
2016.0,uk alternative pop,1
2016.0,uk contemporary r&b,1
2016.0,viral trap,1
2017.0,adult standards,4
2017.0,album rock,2
2017.0,alt z,2
2017.0,alternative dance,3
2017.0,art pop,5
2017.0,atl hip hop,1
2017.0,aussietronica,6
2017.0,australian country,2
2017.0,australian dance,1
2017.0,australian hip hop,3
2017.0,australian indie,8
2017.0,australian indie folk,1
2017.0,australian indigenous music,4
2017.0,australian pop,8
2017.0,australian rock,7
2017.0,austropop,1
2017.0,beach music,1
2017.0,big beat,3
2017.0,big room,1
2017.0,boy band,2
2017.0,british children's music,1
2017.0,british soul,1
2017.0,britpop,1
2017.0,broadway,2
2017.0,brostep,3
2017.0,canadian pop,3
2017.0,candy pop,1
2017.0,celtic rock,3
2017.0,channel islands indie,1
2017.0,classic rock,1
2017.0,classic soul,2
2017.0,complextro,3
2017.0,conscious hip hop,5
2017.0,contemporary country,3
2017.0,contemporary r&b,1
2017.0,country rock,1
2017.0,dance pop,40
2017.0,deep adult standards,2
2017.0,deep house,1
2017.0,deep tech house,1
2017.0,detroit hip hop,2
2017.0,dfw rap,1
2017.0,disco house,1
2017.0,doo-wop,1
2017.0,downtempo,1
2017.0,dutch edm,3
2017.0,east coast hip hop,1
2017.0,edm,10
2017.0,electro house,1
2017.0,electropop,7
2017.0,eurodance,1
2017.0,folk,1
2017.0,folk-pop,1
2017.0,german pop,1
2017.0,girl group,3
2017.0,glam rock,2
2017.0,hip hop,7
2017.0,hip house,1
2017.0,hollywood,3
2017.0,house,1
2017.0,indie anthem-folk,1
2017.0,indie electropop,1
2017.0,indie pop rap,2
2017.0,indie poptimism,1
2017.0,indie rock,2
2017.0,indie rock italiano,1
2017.0,indietronica,1
2017.0,instrumental soul,1
2017.0,irish country,1
2017.0,israeli pop,1
2017.0,k-pop,1
2017.0,la pop,2
2017.0,latin pop,3
2017.0,london rap,1
2017.0,melbourne bounce,1
2017.0,modern rock,10
2017.0,nashville sound,1
2017.0,neo mellow,4
2017.0,neo soul,2
2017.0,new wave pop,1
2017.0,norwegian pop,1
2017.0,ohio hip hop,2
2017.0,opm,1
2017.0,permanent wave,1
2017.0,pixie,1
2017.0,pop,71
2017.0,pop dance,2
2017.0,pop rap,2
2017.0,pov: indie,1
2017.0,rock-and-roll,4
2017.0,talent show,2
2017.0,uk contemporary r&b,1
2017.0,uk pop,1
2017.0,yodeling,1
2018.0,adult standards,10
2018.0,alt z,5
2018.0,alternative pop rock,1
2018.0,art pop,6
2018.0,atl hip hop,2
2018.0,aussietronica,4
2018.0,australian americana,3
2018.0,australian country,2
2018.0,australian dance,1
2018.0,australian electropop,1
2018.0,australian hip hop,2
2018.0,australian house,1
2018.0,australian indie,5
2018.0,australian indigenous music,1
2018.0,australian pop,14
2018.0,australian r&b,2
2018.0,australian reggae fusion,1
2018.0,australian rock,1
2018.0,australian talent show,1
2018.0,bass house,1
2018.0,big room,4
2018.0,boy band,10
2018.0,british blues,1
2018.0,british indie rock,1
2018.0,british invasion,3
2018.0,british soul,1
2018.0,brostep,2
2018.0,canadian contemporary r&b,1
2018.0,canadian hip hop,2
2018.0,canadian pop,7
2018.0,ccm,1
2018.0,chicago rap,2
2018.0,classic australian country,2
2018.0,classic canadian rock,1
2018.0,classic uk pop,1
2018.0,comedy rap,1
2018.0,complextro,3
2018.0,conscious hip hop,1
2018.0,contemporary country,1
2018.0,contemporary r&b,4
2018.0,dance pop,19
2018.0,danish pop,1
2018.0,deep underground hip hop,1
2018.0,detroit rock,1
2018.0,dfw rap,7
2018.0,disco,2
2018.0,dutch edm,1
2018.0,early reggae,1
2018.0,east coast hip hop,1
2018.0,edm,10
2018.0,electropop,2
2018.0,emo rap,1
2018.0,eurodance,1
2018.0,folk,1
2018.0,folk-pop,6
2018.0,halloween,1
2018.0,hip hop,1
2018.0,hip pop,1
2018.0,la pop,1
2018.0,melodic rap,1
2018.0,memphis hip hop,1
2018.0,modern rock,4
2018.0,neo mellow,1
2018.0,nz pop,1
2018.0,piano rock,1
2018.0,pop,51
2018.0,pop dance,2
2018.0,pop soul,2
2018.0,pov: indie,2
2018.0,r&b,2
2018.0,rap,1
2018.0,reggaeton,1
2018.0,swedish pop,1
2018.0,theme,1
2018.0,uk dance,1
2019.0,adult standards,6
2019.0,album rock,1
2019.0,alt z,5
2019.0,alternative dance,1
2019.0,anti-folk,1
2019.0,art pop,6
2019.0,aussietronica,2
2019.0,australian alternative pop,1
2019.0,australian alternative rock,2
2019.0,australian country,7
2019.0,australian dance,2
2019.0,australian hip hop,3
2019.0,australian indie,4
2019.0,australian indigenous music,3
2019.0,australian pop,12
2019.0,australian rock,1
2019.0,australian talent show,1
2019.0,baroque pop,1
2019.0,beatlesque,1
2019.0,big room,2
2019.0,boy band,7
2019.0,british invasion,3
2019.0,brostep,2
2019.0,bubblegum pop,1
2019.0,canadian contemporary r&b,2
2019.0,canadian hip hop,1
2019.0,canadian pop,3
2019.0,celtic rock,1
2019.0,contemporary country,1
2019.0,contemporary r&b,1
2019.0,dance pop,20
2019.0,deep groove house,1
2019.0,dfw rap,4
2019.0,dutch edm,1
2019.0,dutch pop,1
2019.0,edm,8
2019.0,electropop,2
2019.0,escape room,3
2019.0,folk-pop,1
2019.0,freestyle,1
2019.0,german dance,1
2019.0,girl group,1
2019.0,grime,1
2019.0,hip house,1
2019.0,house,1
2019.0,indie anthem-folk,1
2019.0,indie pop rap,1
2019.0,k-pop,1
2019.0,latin pop,1
2019.0,lgbtq+ hip hop,1
2019.0,melanesian pop,1
2019.0,melodic rap,2
2019.0,metropopolis,2
2019.0,neo mellow,2
2019.0,nz pop,1
2019.0,pop,49
2019.0,pop dance,2
2019.0,pop edm,1
2019.0,pop soul,1
2019.0,pov: indie,1
2019.0,rap,1
2019.0,uk pop,1
2020.0,adult standards,1
2020.0,afroswing,1
2020.0,alaska indie,1
2020.0,alt z,9
2020.0,arkansas country,1
2020.0,art pop,5
2020.0,atl hip hop,1
2020.0,aussietronica,1
2020.0,australian alternative rock,2
2020.0,australian dance,2
2020.0,australian electropop,1
2020.0,australian hip hop,6
2020.0,australian indie,1
2020.0,australian pop,15
2020.0,australian talent show,1
2020.0,bedroom pop,4
2020.0,belgian dance,1
2020.0,big room,2
2020.0,black americana,1
2020.0,bolobedu house,1
2020.0,boy band,8
2020.0,british invasion,2
2020.0,brooklyn drill,1
2020.0,brostep,3
2020.0,cali rap,3
2020.0,canadian contemporary r&b,6
2020.0,canadian hip hop,2
2020.0,canadian pop,7
2020.0,chicago rap,1
2020.0,classic uk pop,1
2020.0,complextro,1
2020.0,contemporary country,3
2020.0,dance pop,26
2020.0,deep disco house,1
2020.0,deep euro house,1
2020.0,deep house,1
2020.0,deep tropical house,1
2020.0,deep underground hip hop,1
2020.0,detroit hip hop,2
2020.0,dutch edm,1
2020.0,dutch house,1
2020.0,edm,5
2020.0,electropop,2
2020.0,eurodance,1
2020.0,gauze pop,2
2020.0,german dance,1
2020.0,girl group,3
2020.0,hip hop,3
2020.0,house,3
2020.0,houston rap,1
2020.0,indietronica,3
2020.0,k-pop,3
2020.0,melbourne bounce,1
2020.0,mellow gold,1
2020.0,melodic rap,2
2020.0,modern alternative rock,1
2020.0,modern rock,2
2020.0,neo mellow,1
2020.0,new wave,2
2020.0,novelty,1
2020.0,nz pop,2
2020.0,ohio hip hop,1
2020.0,piano rock,1
2020.0,pop,47
2020.0,pop dance,2
2020.0,pop rap,3
2020.0,pop violin,1
2020.0,pov: indie,1
2020.0,r&b,3
2020.0,reggaeton,1
2020.0,sad lo-fi,1
2020.0,scandipop,1
2020.0,social media pop,1
2020.0,uk contemporary r&b,2
2020.0,uk dance,2
2021.0,acid house,3
2021.0,alabama rap,1
2021.0,alt z,6
2021.0,alternative dance,1
2021.0,alternative metal,2
2021.0,alternative r&b,1
2021.0,art pop,4
2021.0,aussietronica,2
2021.0,australian hip hop,4
2021.0,australian house,1
2021.0,australian indigenous music,1
2021.0,australian pop,8
2021.0,bedroom pop,1
2021.0,belgian edm,1
2021.0,british soul,1
2021.0,brooklyn indie,1
2021.0,brostep,1
2021.0,canadian contemporary r&b,3
2021.0,canadian hip hop,1
2021.0,canadian pop,5
2021.0,colombian pop,1
2021.0,dance pop,29
2021.0,dfw rap,1
2021.0,dutch house,1
2021.0,edm,4
2021.0,electro house,1
2021.0,electro jazz,1
2021.0,folk-pop,3
2021.0,funk pop,1
2021.0,german dance,1
2021.0,girl group,1
2021.0,glam rock,1
2021.0,hip hop,1
2021.0,horrorcore,1
2021.0,house,2
2021.0,indie salvadoreno,1
2021.0,irish rock,1
2021.0,k-pop,2
2021.0,lgbtq+ hip hop,3
2021.0,manchester indie,1
2021.0,modern rock,4
2021.0,neo soul,1
2021.0,permanent wave,1
2021.0,piano rock,1
2021.0,pop,35
2021.0,pop dance,2
2021.0,pop r&b,1
2021.0,pop rap,1
2021.0,rap,1
2021.0,romanian pop,1
2021.0,scandipop,2
2021.0,singer-songwriter pop,1
2021.0,social media pop,1
2021.0,trap queen,1
2021.0,uk dance,2
2021.0,uk pop,1
2021.0,wrestling,1
2022.0,afrobeats,1
2022.0,alt z,6
2022.0,alternative hip hop,1
2022.0,art pop,1
2022.0,australian pop,3
2022.0,big room,4
2022.0,dance pop,5
2022.0,deep groove house,1
2022.0,deep underground hip hop,1
2022.0,dutch house,1
2022.0,edm,1
2022.0,escape room,3
2022.0,eurodance,1
2022.0,folk-pop,3
2022.0,gen z singer-songwriter,1
2022.0,german dance,1
2022.0,glam rock,1
2022.0,hip pop,3
2022.0,house,1
2022.0,indie poptimism,1
2022.0,lgbtq+ hip hop,1
2022.0,modern rock,2
2022.0,new jersey underground rap,1
2022.0,piano rock,1
2022.0,pop,12
2022.0,pov: indie,1
2022.0,rap,1
2022.0,trap queen,1
2022.0,uk contemporary r&b,1
2022.0,uk dance,1
2023.0,art pop,1
2023.0,australian dance,2
2023.0,australian indigenous music,2
2023.0,australian pop,5
2023.0,belgian edm,1
2023.0,big room,3
2023.0,british invasion,1
2023.0,contemporary country,5
2023.0,dance pop,14
2023.0,deep underground hip hop,1
2023.0,edm,2
2023.0,electra,1
2023.0,hip pop,2
2023.0,house,1
2023.0,hypertechno,2
2023.0,indie r&b,1
2023.0,k-pop,1
2023.0,k-pop girl group,1
2023.0,pop,11
2023.0,pop dance,1
2023.0,pop rap,2
2023.0,singer-songwriter pop,1
2023.0,tropical house,1
2023.0,uk contemporary r&b,1
2024.0,australian pop,4
2024.0,big room,1
2024.0,detroit hip hop,1
2024.0,edm,1
2024.0,pop,2
2024.0,singer-songwriter pop,1
